Constituency,Constituency-code,Leading Candidate,Leading Party,Trailing Candidate,Trailing Party,Margin,Status,State,State-code
Adampur,47,KULDEEP BISHNOI,Haryana Janhit Congress (BL),KULVEER SINGH BENIWAL,Indian National Lok Dal,17249,Result Declared,Haryana,S07
Ambala Cantt.,4,ANIL VIJ,Bharatiya Janata Party,CH. NIRMAL SINGH,Indian National Congress,15462,Result Declared,Haryana,S07
Ambala City,5,ASEEM GOEL,Bharatiya Janata Party,VENOD SHARMA,Haryana Jan Chetna Party (V),23252,Result Declared,Haryana,S07
Assandh,23,BAKHSHISH  SINGH VIRK,Bharatiya Janata Party,MARATHA VIRENDER VERMA,Bahujan Samaj Party,4608,Result Declared,Haryana,S07
Ateli,68,SANTOSH YADAV,Bharatiya Janata Party,SATBIR,Indian National Lok Dal,48601,Result Declared,Haryana,S07
Badhra,55,SUKHVINDER,Bharatiya Janata Party,RANBIR SINGH MAHENDRA,Indian National Congress,5006,Result Declared,Haryana,S07
Badkhal,87,SEEMA TRIKHA,Bharatiya Janata Party,MAHENDER PARTAP SINGH,Indian National Congress,36609,Result Declared,Haryana,S07
Badli,65,OM PARKASH DHANKAR,Bharatiya Janata Party,KULDEEP VATS,Independent,9266,Result Declared,Haryana,S07
Badshahpur,76,NARBIR SINGH,Bharatiya Janata Party,RAKESH DAULTABAD,Indian National Lok Dal,18132,Result Declared,Haryana,S07
Bahadurgarh,64,NARESH KAUSHIK,Bharatiya Janata Party,RAJINDER SINGH JOON,Indian National Congress,4882,Result Declared,Haryana,S07
Ballabhgarh,88,MOOL CHAND SHARMA,Bharatiya Janata Party,LAKHAN KUMAR SINGLA,Indian National Congress,53098,Result Declared,Haryana,S07
Baroda,33,SRI KRISHAN,Indian National Congress,DR. KAPOOR SINGH NARWAL,Indian National Lok Dal,5183,Result Declared,Haryana,S07
Barwala,51,VED NARANG,Indian National Lok Dal,SURENDER PUNIA,Bharatiya Janata Party,10261,Result Declared,Haryana,S07
Bawal (SC),72,DR. BANWARI LAL,Bharatiya Janata Party,SHYAM SUNDER,Indian National Lok Dal,37391,Result Declared,Haryana,S07
Bawani Khera (SC),59,BISHAMBER SINGH,Bharatiya Janata Party,DAYA BHURTANA,Indian National Lok Dal,2559,Result Declared,Haryana,S07
Beri,67,DR.RAGHUVIR SINGH KADIAN,Indian National Congress,CHATAR SINGH,Independent,4493,Result Declared,Haryana,S07
Bhiwani,57,GHANSHYAM SARAF,Bharatiya Janata Party,NIRMLA SARAF,Indian National Lok Dal,28597,Result Declared,Haryana,S07
Dabwali,43,NAINA SINGH CHAUTALA,Indian National Lok Dal,DR.KAMALVIR SINGH,Indian National Congress,8545,Result Declared,Haryana,S07
Dadri,56,RAJDEEP,Indian National Lok Dal,SOMVIR,Bharatiya Janata Party,1610,Result Declared,Haryana,S07
Ellenabad,46,ABHAY SINGH CHAUTALA,Indian National Lok Dal,PAWAN BENIWAL,Bharatiya Janata Party,11539,Result Declared,Haryana,S07
Faridabad,89,VIPUL GOEL,Bharatiya Janata Party,ANAND KAUSHIK,Indian National Congress,44781,Result Declared,Haryana,S07
Faridabad NIT,86,NAGENDER BHADANA,Indian National Lok Dal,PANDIT SHIV CHARAN LAL SHARMA,Independent,2914,Result Declared,Haryana,S07
Fatehabad,40,BALWAN SINGH DAULATPURIA,Indian National Lok Dal,DURA RAM,Haryana Janhit Congress (BL),3505,Result Declared,Haryana,S07
Ferozepur Jhirka,80,NASEEM AHMED,Indian National Lok Dal,MAMMAN KHAN,Independent,3245,Result Declared,Haryana,S07
Ganaur,28,KULDIP SHARMA,Indian National Congress,NIRMAL RANI,Indian National Lok Dal,7543,Result Declared,Haryana,S07
Garhi Sampla-Kiloi,61,BHUPINDER SINGH HOODA,Indian National Congress,SATISH KUMAR NANDAL,Indian National Lok Dal,47185,Result Declared,Haryana,S07
Gharaunda,22,HARVINDER KALYAN,Bharatiya Janata Party,NARENDER SANGWAN,Indian National Lok Dal,17883,Result Declared,Haryana,S07
Gohana,32,JAGBIR SINGH MALIK,Indian National Congress,DR.KRISHAN CHANDER BANGER,Indian National Lok Dal,3228,Result Declared,Haryana,S07
Guhla (SC),15,KULWANT RAM BAZIGAR,Bharatiya Janata Party,DILLU RAM,Indian National Congress,2440,Result Declared,Haryana,S07
Gurgaon,77,UMESH AGGARWAL,Bharatiya Janata Party,GOPI CHAND GAHLOT,Indian National Lok Dal,84095,Result Declared,Haryana,S07
Hansi,50,RENUKA BISHNOI,Haryana Janhit Congress (BL),UMED SINGH LOHAN,Indian National Lok Dal,14652,Result Declared,Haryana,S07
Hathin,82,KEHAR SINGH,Indian National Lok Dal,HARSH KUMAR,Bharatiya Janata Party,6372,Result Declared,Haryana,S07
Hisar,52,DR.KAMAL GUPTA S/O MANPHOOL SINGH,Bharatiya Janata Party,SAVITRI JINDAL,Indian National Congress,13646,Result Declared,Haryana,S07
Hodal (SC),83,UDAI BHAN,Indian National Congress,JAGDISH NAYAR,Indian National Lok Dal,11680,Result Declared,Haryana,S07
Indri,20,KARAN DEV KAMBOJ,Bharatiya Janata Party,USHA KASHYAP,Indian National Lok Dal,23875,Result Declared,Haryana,S07
Israna (SC),26,KRISHAN LAL PANWAR,Bharatiya Janata Party,BALBIR SINGH,Indian National Congress,1828,Result Declared,Haryana,S07
Jagadhri,8,KANWAR PAL S/O CHANDAN SINGH,Bharatiya Janata Party,AKRAM KHAN,Bahujan Samaj Party,34156,Result Declared,Haryana,S07
Jhajjar (SC),66,GEETA BHUKKAL,Indian National Congress,SADHU RAM,Indian National Lok Dal,26584,Result Declared,Haryana,S07
Jind,36,DR. HARI CHAND MIDDHA,Indian National Lok Dal,SURINDER SINGH BARWALA,Bharatiya Janata Party,2257,Result Declared,Haryana,S07
Julana,34,PARMINDER SINGH DHULL,Indian National Lok Dal,DHARMENDER SINGH DHULL,Indian National Congress,22806,Result Declared,Haryana,S07
Kaithal,17,RANDEEP SINGH SURJEWALA,Indian National Congress,KAILASH BHAGAT,Indian National Lok Dal,23675,Result Declared,Haryana,S07
Kalanaur (SC),63,SHAKUNTLA KHATAK,Indian National Congress,RAM AVTAR BALMIKI,Bharatiya Janata Party,3972,Result Declared,Haryana,S07
Kalawali (SC),42,BALKAUR SINGH,Shiromani Akali Dal,SHISHPAL KEHARWALA,Indian National Congress,12965,Result Declared,Haryana,S07
Kalayat,16,BHAI JAI PARKASH (J.P.),Independent,RAM PAL MAJRA,Indian National Lok Dal,8390,Result Declared,Haryana,S07
Kalka,1,LATIKA SHARMA,Bharatiya Janata Party,PARDEEP CHAUDHARY,Indian National Lok Dal,19027,Result Declared,Haryana,S07
Karnal,21,MANOHAR LAL KHATTAR,Bharatiya Janata Party,JAI PARKASH GUPTA KARNAL,Independent,63773,Result Declared,Haryana,S07
Kharkhauda (SC),30,JAIVEER SINGH,Indian National Congress,PAWAN KUMAR,Independent,14182,Result Declared,Haryana,S07
Kosli,73,BIKRAM SINGH THEKEDAR,Bharatiya Janata Party,JAGDISH YADAV,Indian National Lok Dal,10767,Result Declared,Haryana,S07
Ladwa,11,DR. PAWAN SAINI,Bharatiya Janata Party,BACHAN KAUR BARSHAMI,Indian National Lok Dal,2992,Result Declared,Haryana,S07
Loharu,54,OM PARKASH BARWA,Indian National Lok Dal,JAI PARKASH DALAL,Bharatiya Janata Party,2095,Result Declared,Haryana,S07
Mahendragarh,69,RAM  BILASH  SHARMA,Bharatiya Janata Party,DAN SINGH RAO,Indian National Congress,34491,Result Declared,Haryana,S07
Meham,60,ANAND SINGH DANGI,Indian National Congress,SHAMSHER SINGH KHARKARA,Bharatiya Janata Party,9657,Result Declared,Haryana,S07
Mulana (SC),6,SANTOSH CHAUHAN SARWAN,Bharatiya Janata Party,RAJBIR SINGH,Indian National Lok Dal,5649,Result Declared,Haryana,S07
Nalwa,53,RANBIR GANGWA,Indian National Lok Dal,CHANDER MOHAN,Haryana Janhit Congress (BL),7115,Result Declared,Haryana,S07
Nangal chaudhry,71,ABHE SINGH YADAV,Bharatiya Janata Party,MANJU,Indian National Lok Dal,981,Result Declared,Haryana,S07
Naraingarh,3,NAYAB SINGH,Bharatiya Janata Party,RAM KISHAN,Indian National Congress,24361,Result Declared,Haryana,S07
Narnaul,70,OM PRAKASH,Bharatiya Janata Party,KAMLESH,Indian National Lok Dal,4573,Result Declared,Haryana,S07
Narnaund,49,CAPTAIN ABHIMANYU,Bharatiya Janata Party,RAJ SINGH MOR,Indian National Lok Dal,5761,Result Declared,Haryana,S07
Narwana (SC),38,PIRTHI SINGH,Indian National Lok Dal,"SANTOSH RANI,",Bharatiya Janata Party,9152,Result Declared,Haryana,S07
Nilokheri (SC),19,BHAGWAN DASS KABIR PANTHI,Bharatiya Janata Party,MAMU RAM,Indian National Lok Dal,34410,Result Declared,Haryana,S07
Nuh,79,ZAKIR HUSSAIN,Indian National Lok Dal,AFTAB AHMED,Indian National Congress,32796,Result Declared,Haryana,S07
Palwal,84,KARAN SINGH DALAL,Indian National Congress,DEEPAK MANGLA,Bharatiya Janata Party,5642,Result Declared,Haryana,S07
Panchkula,2,GIAN CHAND GUPTA,Bharatiya Janata Party,KUL BHUSHAN GOYAL,Indian National Lok Dal,44602,Result Declared,Haryana,S07
Panipat City,25,ROHITA REWRI,Bharatiya Janata Party,VIRENDER KUMAR SHAH,Indian National Congress,53721,Result Declared,Haryana,S07
Panipat Rural,24,MAHIPAL DHANDA,Bharatiya Janata Party,DHARA SINGH RAWAL,Independent,36132,Result Declared,Haryana,S07
Pataudi (SC),75,BIMLA CHAUDHARY,Bharatiya Janata Party,GANGA RAM,Indian National Lok Dal,38963,Result Declared,Haryana,S07
Pehowa,14,JASWINDER SINGH SANDHU,Indian National Lok Dal,JAI BHAGWAN SHARMA ( D.D.),Bharatiya Janata Party,9347,Result Declared,Haryana,S07
Prithla,85,TEK CHAND SHARMA,Bahujan Samaj Party,NAYAN PAL RAWAT,Bharatiya Janata Party,1179,Result Declared,Haryana,S07
Punahana,81,RAHISH KHAN,Independent,MOHAMMED ILYAS,Indian National Lok Dal,3141,Result Declared,Haryana,S07
Pundri,18,DINESH KAUSHIK,Independent,RANDHIR SINGH GOLLEN,Bharatiya Janata Party,4832,Result Declared,Haryana,S07
Radaur,10,SHYAM SINGH,Bharatiya Janata Party,RAJ KUMAR BUBKA,Indian National Lok Dal,38707,Result Declared,Haryana,S07
Rai,29,JAI TIRATH,Indian National Congress,INDERJEET,Indian National Lok Dal,3,Result Declared,Haryana,S07
Rania,44,RAM CHAND KAMBOJ,Indian National Lok Dal,GOBIND KANDA,Haryana Lokhit Party,4315,Result Declared,Haryana,S07
Ratia (SC),41,PROF. RAVINDER BALIALA,Indian National Lok Dal,SUNITA DUGGAL,Bharatiya Janata Party,453,Result Declared,Haryana,S07
Rewari,74,RANDHIR SINGH KAPRIWAS,Bharatiya Janata Party,SATISH YADAV,Indian National Lok Dal,45466,Result Declared,Haryana,S07
Rohtak,62,MANISH KUMAR GROVER,Bharatiya Janata Party,BHARAT BHUSHAN BATRA,Indian National Congress,11132,Result Declared,Haryana,S07
Sadhaura (SC),7,BALWANT SINGH,Bharatiya Janata Party,PINKI CHHAPPER,Indian National Lok Dal,14146,Result Declared,Haryana,S07
Safidon,35,JASBIR DESWAL,Independent,DR.VANDANA SHARMA,Bharatiya Janata Party,1422,Result Declared,Haryana,S07
Samalkha,27,RAVINDER MACHHROULI,Independent,DHARM SINGH CHHOKER,Indian National Congress,20373,Result Declared,Haryana,S07
Shahbad (SC),12,KRISHAN KUMAR,Bharatiya Janata Party,RAM KARAN,Indian National Lok Dal,562,Result Declared,Haryana,S07
Sirsa,45,MAKHAN LAL SINGLA,Indian National Lok Dal,GOPAL KANDA,Haryana Lokhit Party,2938,Result Declared,Haryana,S07
Sohna,78,TEJPAL TAWAR,Bharatiya Janata Party,KISHORE YADAV,Indian National Lok Dal,24547,Result Declared,Haryana,S07
Sonipat,31,KAVITA JAIN,Bharatiya Janata Party,DEV RAJ DIWAN,Indian National Congress,25810,Result Declared,Haryana,S07
Thanesar,13,SUBHASH SUDHA,Bharatiya Janata Party,ASHOK KUMAR ARORA,Indian National Lok Dal,25638,Result Declared,Haryana,S07
Tigaon,90,LALIT NAGAR,Indian National Congress,RAJESH NAGAR,Bharatiya Janata Party,2938,Result Declared,Haryana,S07
Tohana,39,SUBHASH BARALA,Bharatiya Janata Party,NISHAN SINGH,Indian National Lok Dal,6906,Result Declared,Haryana,S07
Tosham,58,KIRAN CHOUDHRY,Indian National Congress,KAMLA RANI,Indian National Lok Dal,19741,Result Declared,Haryana,S07
Uchana kalan,37,PREM LATA,Bharatiya Janata Party,DUSHYANT CHAUTALA,Indian National Lok Dal,7480,Result Declared,Haryana,S07
Uklana (SC),48,ANOOP DHANAK,Indian National Lok Dal,SEEMA GAIBIPUR,Bharatiya Janata Party,17927,Result Declared,Haryana,S07
Yamunanagar,9,GHANSHYAM DASS,Bharatiya Janata Party,DILBAGH SINGH,Indian National Lok Dal,28245,Result Declared,Haryana,S07
Achalpur,42,BACCHU ALIAS OMPRAKASH BABARAO KADU,Independent,ASHOK SHRIDHARPANT BANSOD,Bharatiya Janata Party,10170,Result Declared,Maharashtra,S13
Aheri,69,AMBRISHRAO RAJE SATYAVANRAO ATRAM,Bharatiya Janata Party,ATRAM DHARMARAOBABA,Nationalist Congress Party,19858,Result Declared,Maharashtra,S13
Ahmadpur,236,JADHAV PATIL VINAYAKRAO KISHANRAO,Independent,BABASAHEB MOHANRAO PATIL,Nationalist Congress Party,4006,Result Declared,Maharashtra,S13
Ahmednagar City,225,SANGRAM ARUNKAKA JAGTAP,Nationalist Congress Party,ANILBHAYYA  RAMKISAN RATHOD,Shivsena,3317,Result Declared,Maharashtra,S13
Airoli,150,SANDEEP GANESH NAIK,Nationalist Congress Party,CHOUGULE VIJAY LAXMAN,Shivsena,8725,Result Declared,Maharashtra,S13
Akkalkot,250,SIDDHARAM  SATLINGAPPA MHETRE,Indian National Congress,PATIL SIDRAMAPPA MALAKAPPA,Bharatiya Janata Party,17644,Result Declared,Maharashtra,S13
Akkalkuwa,1,PADAVI ADV. K.C.,Indian National Congress,PARADAKE VIJAYSING RUPSING,Nationalist Congress Party,15775,Result Declared,Maharashtra,S13
Akola East,31,SAVARKAR RANDHIR PRALHADRAO,Bharatiya Janata Party,BHADE HARIDAS PANDHARI,Bharipa Bahujan Mahasangh,2440,Result Declared,Maharashtra,S13
Akola West,30,GOVARDHAN MANGILAL SHARMA,Bharatiya Janata Party,DESHMUKH VIJAY PUNDLIKRAO,Nationalist Congress Party,39953,Result Declared,Maharashtra,S13
Akole,216,PICHAD VAIBHAV MADHUKAR,Nationalist Congress Party,TALPADE MADHUKAR SHANKAR,Shivsena,20062,Result Declared,Maharashtra,S13
Akot,28,BHARSAKLE PRAKASH GUNVANTRAO,Bharatiya Janata Party,GANGANE MAHESH SUDHAKARRAO,Indian National Congress,31411,Result Declared,Maharashtra,S13
Alibag,192,SUBHASH ALIAS PANDITSHET PATIL,Peasants And Workers Party of India,DALVI MAHENDRA HARI,Shivsena,16094,Result Declared,Maharashtra,S13
Amalner,15,SHIRISHDADA HIRALAL CHAUDHARI,Independent,ANIL BHAIDAS PATIL (AMALNER),Bharatiya Janata Party,21239,Result Declared,Maharashtra,S13
Ambegaon,196,DILIP DATTATRAY WALSE PATIL,Nationalist Congress Party,ARUN GOVINDRAO GIRE,Shivsena,58154,Result Declared,Maharashtra,S13
Ambernath,140,DR. BALAJI KINIKAR,Shivsena,WANKHEDE RAJESH DEVENDRA,Bharatiya Janata Party,2041,Result Declared,Maharashtra,S13
Amgaon,66,PURAM SANJAY HANWANTRAO,Bharatiya Janata Party,RAMRTANBAPU BHARTRAJBAPU RAUT,Indian National Congress,18295,Result Declared,Maharashtra,S13
Amravati,38,DR. DESHMUKH SUNIL PANJABRAO,Bharatiya Janata Party,RAOSAHEB SHEKHAWAT,Indian National Congress,35072,Result Declared,Maharashtra,S13
Andheri East,166,RAMESH LATKE,Shivsena,SUNIL LALANPRASAD YADAV,Bharatiya Janata Party,5479,Result Declared,Maharashtra,S13
Andheri West,165,AMEET BHASKAR SATAM,Bharatiya Janata Party,ASHOK BHAU JADHAV,Indian National Congress,24040,Result Declared,Maharashtra,S13
Anushakti Nagar,172,TUKARAM RAMKRISHNA KATE,Shivsena,NAWAB  MALIK,Nationalist Congress Party,1007,Result Declared,Maharashtra,S13
Arjuni-morgaon,63,BADOLE RAJKUMAR SUDAMJI,Bharatiya Janata Party,NANDAGAWALI RAJESH MULCHAND,Indian National Congress,30295,Result Declared,Maharashtra,S13
Armori,67,KRUSHNA DAMAJI GAJBE,Bharatiya Janata Party,ANANDRAO GAGARAM GEDAM,Indian National Congress,12733,Result Declared,Maharashtra,S13
Arni,80,RAJU NARAYAN TODSAM,Bharatiya Janata Party,MOGHE SHIVAJIRAO SHIVRAMAJI,Indian National Congress,20721,Result Declared,Maharashtra,S13
Arvi,44,AMAR SHARADRAO KALE,Indian National Congress,DADARAO YADAVRAO KECHE,Bharatiya Janata Party,3143,Result Declared,Maharashtra,S13
Ashti,231,DHONDE BHIMRAO ANANDRAO,Bharatiya Janata Party,DHAS SURESH RAMCHANDRA,Nationalist Congress Party,5982,Result Declared,Maharashtra,S13
Aurangabad central,107,SAYED IMTIAZ JALIL,All India Majlis-E-Ittehadul Muslimeen,PRADEEP JAISWAL,Shivsena,19982,Result Declared,Maharashtra,S13
Aurangabad East,109,ATUL MORESHWAR SAVE,Bharatiya Janata Party,DR. ABDUL GAFFAR QUADRI,All India Majlis-E-Ittehadul Muslimeen,4260,Result Declared,Maharashtra,S13
Aurangabad West,108,SANJAY SHIRSAT,Shivsena,MADHUKAR DAMODHAR SAWANT,Bharatiya Janata Party,6927,Result Declared,Maharashtra,S13
Ausa,239,BASAVRAJ MADHAVRAO PATIL,Indian National Congress,DINKAR BABURAO MANE,Shivsena,8858,Result Declared,Maharashtra,S13
Badnapur,102,KUCHE NARAYAN TILAKCHAND,Bharatiya Janata Party,CHAUDHARI ROOPKUMAR(BABLU) NEHRULAL,Nationalist Congress Party,23495,Result Declared,Maharashtra,S13
Badnera,37,RAVI RANA,Independent,BAND SANJAY RAOSAHEB,Shivsena,7419,Result Declared,Maharashtra,S13
Baglan,116,CHAVAN DIPIKA SANJAY,Nationalist Congress Party,BORSE DILIP MANGLU,Bharatiya Janata Party,4181,Result Declared,Maharashtra,S13
Balapur,29,BALIRAM BHAGWAN SIRSKAR,Bharipa Bahujan Mahasangh,KHATIB SYED NATIQUDDIN,Indian National Congress,6939,Result Declared,Maharashtra,S13
Ballarpur,72,MUNGANTIWAR SUDHIR SACHHIDANAND,Bharatiya Janata Party,MULCHANDANI GHANSHYAM KHUSHIMAL,Indian National Congress,43600,Result Declared,Maharashtra,S13
Baramati,201,AJIT ANANTRAO PAWAR,Nationalist Congress Party,BALASAHEB ALIAS PRABHAKAR DADARAM GAWADE,Bharatiya Janata Party,89791,Result Declared,Maharashtra,S13
Barshi,246,DILIP GANGADHAR SOPAL,Nationalist Congress Party,RAJENDRA VITTHAL RAUT,Shivsena,5111,Result Declared,Maharashtra,S13
Basmath,92,MUNDADA JAIPRAKASH SHANKARLAL,Shivsena,JAIPRAKASH RAOSAHEB DANDEGAONKAR,Nationalist Congress Party,5556,Result Declared,Maharashtra,S13
Beed,230,KSHIRSAGER JAYDATTJI SONAJIRAO,Nationalist Congress Party,VINAYAK TUKARAM METE,Bharatiya Janata Party,6132,Result Declared,Maharashtra,S13
Belapur,151,MANDA VIJAY MHATRE,Bharatiya Janata Party,GANESH  NAIK,Nationalist Congress Party,1491,Result Declared,Maharashtra,S13
Bhandara,61,AVSARE RAMCHANDRA PUNAJI,Bharatiya Janata Party,GADHAVE DEWANGANA VIJAY,Bahujan Samaj Party,36832,Result Declared,Maharashtra,S13
Bhandup West,157,ASHOK PATIL,Shivsena,KOTAK MONOJ,Bharatiya Janata Party,4772,Result Declared,Maharashtra,S13
Bhiwandi East,137,RUPESH LAXMAN MHATRE,Shivsena,SANTOSH MANJAYYA SHETTY,Bharatiya Janata Party,3393,Result Declared,Maharashtra,S13
Bhiwandi Rural (S.T.),134,SHANTARAM TUKARAM MORE,Shivsena,PATIL SHANTARAM DUNDARAM,Bharatiya Janata Party,9160,Result Declared,Maharashtra,S13
Bhiwandi West,136,CHOUGHULE MAHESH PRABHAKAR,Bharatiya Janata Party,KHAN SHOEB ASHFAQ,Indian National Congress,3326,Result Declared,Maharashtra,S13
Bhokar,85,AMEETA ASHOKRAO CHAVAN,Indian National Congress,KINHALKAR DR.MADHAVRAO BHUJANGRAO,Bharatiya Janata Party,47557,Result Declared,Maharashtra,S13
Bhokardan,103,DANAVE SANTOSH RAOSAHEB,Bharatiya Janata Party,CHANDRAKANT PUNDLIKRAO DANAVE,Nationalist Congress Party,6750,Result Declared,Maharashtra,S13
Bhor,203,SANGRAM ANANTRAO THOPATE,Indian National Congress,KULDIP SUDAM KONDE,Shivsena,18951,Result Declared,Maharashtra,S13
Bhosari,207,MAHESH (DADA) KISAN LANDGE,Independent,UBALE SULABHA RAMBHAU,Shivsena,15316,Result Declared,Maharashtra,S13
Bhusawal,12,SAWAKARE SANJAY WAMAN,Bharatiya Janata Party,ZALTE RAJESH DHANAJI,Nationalist Congress Party,34637,Result Declared,Maharashtra,S13
Boisar,131,TARE VILAS SUKUR,Bahujan Vikas Aaghadi,KAMALAKAR ANYA DALAVI,Shivsena,12873,Result Declared,Maharashtra,S13
Borivali,152,VINOD TAWDE,Bharatiya Janata Party,AGARWAL UTTAMPRAKASH CA,Shivsena,79267,Result Declared,Maharashtra,S13
Brahmapuri,73,WADETTIWAR VIJAY NAMDEVRAO,Indian National Congress,ATUL DEVIDAS DESHKAR,Bharatiya Janata Party,13610,Result Declared,Maharashtra,S13
Buldhana,22,HARSHWARDHAN VASANTRAO SAPKAL,Indian National Congress,SANJAY RAMBHAU GAIKWAD,Maharashtra Navnirman sena,11661,Result Declared,Maharashtra,S13
Byculla,184,ADVOCATE  WARIS YUSUF PATHAN,All India Majlis-E-Ittehadul Muslimeen,MADHU (DADA) CHAVAN,Bharatiya Janata Party,1357,Result Declared,Maharashtra,S13
Chalisgaon,17,UNMESH BHAIYYASAHEB PATIL,Bharatiya Janata Party,DESHMUKH RAJIV ANIL,Nationalist Congress Party,22380,Result Declared,Maharashtra,S13
Chandgad,271,DESAI-KUPAKAR SANDHYADEVI KRUSHNARAO,Nationalist Congress Party,NARSINGRAO GURUNATH PATIL,Shivsena,8199,Result Declared,Maharashtra,S13
Chandivali,168,KHAN MOHD. ARIF (NASEEM),Indian National Congress,SINGH SANTOSH RAMNIWAS,Shivsena,29469,Result Declared,Maharashtra,S13
Chandrapur,71,SHAMKULE NANAJI SITARAM,Bharatiya Janata Party,KISHOR GAJANANRAO JORGEWAR,Shivsena,30772,Result Declared,Maharashtra,S13
Chandvad,118,DR. AHER RAHUL DAULTRAO,Bharatiya Janata Party,KOTWAL SHIRISHKUMAR VASANTRAO,Indian National Congress,11161,Result Declared,Maharashtra,S13
Charkop,161,YOGESH SAGAR,Bharatiya Janata Party,SHUBHADA SUBHASH GUDEKAR,Shivsena,64367,Result Declared,Maharashtra,S13
Chembur,173,PRAKASH VAIKUNTH PHATERPEKAR,Shivsena,CHANDRAKANT DAMODHAR HANDORE,Indian National Congress,10027,Result Declared,Maharashtra,S13
Chikhli,23,RAHUL SIDDHAVINAYAK BONDRE,Indian National Congress,KHABUTARE SURESHAAPPA WAMANAAPPA,Bharatiya Janata Party,14061,Result Declared,Maharashtra,S13
Chimur,74,BANTI BHANGDIYA,Bharatiya Janata Party,DR. AVINASH MANOHARRAO WARJUKAR,Indian National Congress,25155,Result Declared,Maharashtra,S13
Chinchwad,205,JAGTAP LAXMAN PANDURANG,Bharatiya Janata Party,KALATE RAHUL TANAJI,Shivsena,60297,Result Declared,Maharashtra,S13
Chiplun,265,CHAVAN SADANAND NARAYAN,Shivsena,SHEKHAR GOVINDRAO NIKAM,Nationalist Congress Party,6068,Result Declared,Maharashtra,S13
Chopda,10,SONAWANE CHANDRAKANT BALIRAM,Shivsena,PATIL MADHURI KISHOR,Nationalist Congress Party,11935,Result Declared,Maharashtra,S13
Colaba,187,RAJ K.PUROHIT,Bharatiya Janata Party,PANDURANG GANPAT SAKPAL,Shivsena,23787,Result Declared,Maharashtra,S13
Dahanu,128,DHANARE PASKAL JANYA,Bharatiya Janata Party,MANGAT BARKYA VANSHA,Communist Party of India  (Marxist),16700,Result Declared,Maharashtra,S13
Dahisar,153,CHAUDHARY MANISHA ASHOK,Bharatiya Janata Party,GHOSALKAR VINOD RAMCHANDRA,Shivsena,38578,Result Declared,Maharashtra,S13
Dapoli,263,KADAM SANJAY VASANT,Nationalist Congress Party,DALVI SURYAKANT SHIVRAM,Shivsena,3784,Result Declared,Maharashtra,S13
Daryapur,40,RAMESH GANPATRAO BUNDILE,Bharatiya Janata Party,BALWANT BASWANT WANKHADE,Republican Party of India,19582,Result Declared,Maharashtra,S13
Daund,199,KUL RAHUL SUBHASHRAO,Rashtriya Samaj Paksha,RAMESH KISAN THORAT,Nationalist Congress Party,11345,Result Declared,Maharashtra,S13
Deglur,90,SABNE SUBHASH PIRAJI,Shivsena,ANTAPURKAR RAOSAHEB JAIWANTA,Indian National Congress,8648,Result Declared,Maharashtra,S13
Deoli,45,KAMBLE RANJIT PRATAPRAO,Indian National Congress,SURESH GANPATRAO WAGHMARE,Bharatiya Janata Party,943,Result Declared,Maharashtra,S13
Devlali,126,GHOLAP YOGESH(BAPU) BABANRAO,Shivsena,SADAFULE RAMDAS DAYARAM(BABA),Bharatiya Janata Party,28171,Result Declared,Maharashtra,S13
Dhamamgaon railway,36,JAGTAP VIRENDRA WALMIK,Indian National Congress,ADSAD ARUNBHAU JANARDANRAO,Bharatiya Janata Party,974,Result Declared,Maharashtra,S13
Dharavi,178,GAIKWAD VARSHA EKNATH,Indian National Congress,BABURAO  MANE,Shivsena,15328,Result Declared,Maharashtra,S13
Dhule City,7,ANIL ANNA GOTE,Bharatiya Janata Party,KADAMBANDE RAJWARDHAN RAGHUJIRAO,Nationalist Congress Party,12928,Result Declared,Maharashtra,S13
Dhule Rural,6,KUNAL (BABA) ROHIDAS PATIL,Indian National Congress,BHADANE MANOHAR DATTATRAY,Bharatiya Janata Party,46082,Result Declared,Maharashtra,S13
Digras,79,RATHOD SANJAY DULICHAND,Shivsena,VASANT VISHVASRAO GHUIKHEDKAR,Nationalist Congress Party,79864,Result Declared,Maharashtra,S13
Dindori,122,ZIRWAL NARHARI SITARAM,Nationalist Congress Party,DHANRAJ HARIBHAU MAHALE,Shivsena,12633,Result Declared,Maharashtra,S13
Dindoshi,159,SUNIL PRABHU,Shivsena,RAJHANS SINGH DHANANJAY SINGH,Indian National Congress,19828,Result Declared,Maharashtra,S13
Dombivali,143,CHAVHAN RAVINDRA DATTATRAY,Bharatiya Janata Party,DIPESH PUNDALIK MHATRE,Shivsena,46225,Result Declared,Maharashtra,S13
Erandol,16,ANNASAHEB DR. SATISH BHASKARRAO PATIL,Nationalist Congress Party,PATIL CHIMANRAO RUPCHAND,Shivsena,1983,Result Declared,Maharashtra,S13
Gadchiroli,68,DR. DEORAO MADGUJI HOLI,Bharatiya Janata Party,ATRAM BHAGYASHRI DHARMRAOBABA,Nationalist Congress Party,51905,Result Declared,Maharashtra,S13
Gangakhed,97,MADHUSUDAN MANIKRAO KENDRE,Nationalist Congress Party,GUTTE RATNAKAR MANIKRAO,Rashtriya Samaj Paksha,2289,Result Declared,Maharashtra,S13
Gangapur,111,BAMB PRASHANT BANSILAL,Bharatiya Janata Party,AMBADAS EKNATH DANVE,Shivsena,17278,Result Declared,Maharashtra,S13
Georai,228,PAWAR LAXMAN MADHAVRO,Bharatiya Janata Party,PANDIT BADAMRAO LAHURAO,Nationalist Congress Party,60001,Result Declared,Maharashtra,S13
Ghansawangi,100,RAJESHBHAIYYA TOPE,Nationalist Congress Party,KHARAT VILASRAO VITTHALRAO,Bharatiya Janata Party,43476,Result Declared,Maharashtra,S13
Ghatkopar East,170,MEHTA PRAKASH MANCHHUBHAI,Bharatiya Janata Party,JAGDISH CHAGAN CHAUDHARI,Shivsena,40127,Result Declared,Maharashtra,S13
Ghatkopar West,169,RAM  KADAM,Bharatiya Janata Party,SUDHIR SAYAJI MORE,Shivsena,41916,Result Declared,Maharashtra,S13
Gondiya,65,AGRAWAL GOPALDAS SHANKARLAL,Indian National Congress,AGRAWAL VINODKUMAR,Bharatiya Janata Party,10758,Result Declared,Maharashtra,S13
Goregaon,163,VIDYA THAKUR,Bharatiya Janata Party,SUBHASH DESAI,Shivsena,4756,Result Declared,Maharashtra,S13
Guhagar,264,JADHAV BHASKAR BHAURAO,Nationalist Congress Party,DR. NATU VINAY SHRIDHAR,Bharatiya Janata Party,32764,Result Declared,Maharashtra,S13
Hadapsar,213,TILEKAR YOGESH KUNDALIK,Bharatiya Janata Party,BABER MAHADEV RAMCHANDRA,Shivsena,30248,Result Declared,Maharashtra,S13
Hadgaon,84,ASHTIKAR PATIL NAGESH BAPURAO,Shivsena,JAWALGAONKAR MADHAVRAO NIVRUTIRAO PAWAR (PATIL),Indian National Congress,13441,Result Declared,Maharashtra,S13
Hatkanangle,278,DR. MINCHEKAR SUJIT VASANTRAO,Shivsena,AWALE JAYWANT GANGARAM,Indian National Congress,29370,Result Declared,Maharashtra,S13
Hinganghat,46,KUNAWAR SAMIR TRAMBAKRAO,Bharatiya Janata Party,TELANG PRALAY BHAURAO,Bahujan Samaj Party,65175,Result Declared,Maharashtra,S13
Hingna,50,MEGHE SAMEER DATTATRAYA,Bharatiya Janata Party,BANG RAMESHCHANDRA GOPIKISAN,Nationalist Congress Party,23158,Result Declared,Maharashtra,S13
Hingoli,94,MUTKULE TANHAJI SAKHARAMJI,Bharatiya Janata Party,PATIL BHAURAO BABURAO,Indian National Congress,56446,Result Declared,Maharashtra,S13
Ichalkaranji,279,SURESH GANPATI HALVANKAR,Bharatiya Janata Party,AWADE PRAKASH KALLAPPA,Indian National Congress,15255,Result Declared,Maharashtra,S13
Igatpuri,127,GAVEET NIRMALA RAMESH,Indian National Congress,ZHOLE SHIVRAM SHANKAR,Shivsena,10377,Result Declared,Maharashtra,S13
Indapur,200,DATTATRAY VITHOBA BHARNE,Nationalist Congress Party,PATIL HARSHWARDHAN SHAHAJIRAO,Indian National Congress,14173,Result Declared,Maharashtra,S13
Islampur,283,JAYANT RAJARAM PATIL,Nationalist Congress Party,ABHIJIT SHIVAJIRAO PATIL,Independent,75186,Result Declared,Maharashtra,S13
Jalgaon (Jamod),27,KUTE DR. SANJAY SHRIRAM,Bharatiya Janata Party,BALASAHEB ALIAS PRASENJIT KISAN TAYDE,Bharipa Bahujan Mahasangh,4695,Result Declared,Maharashtra,S13
Jalgaon City,13,SURESH DAMU BHOLE (RAJUMAMA),Bharatiya Janata Party,SURESHKUMAR JAIN,Shivsena,42314,Result Declared,Maharashtra,S13
Jalgaon Rural,14,PATIL GULAB RAGHUNATH,Shivsena,DEOKAR GULABRAO BABURAO,Nationalist Congress Party,31367,Result Declared,Maharashtra,S13
Jalna,101,ARJUN PANDITRAO KHOTKAR,Shivsena,GORANTYAL KAILAS KISHANRAO,Indian National Congress,296,Result Declared,Maharashtra,S13
Jamner,19,GIRISH DATTATRAY MAHAJAN,Bharatiya Janata Party,PATIL DIGAMBAR KESHAV,Nationalist Congress Party,35768,Result Declared,Maharashtra,S13
Jath,288,JAGTAP VILASRAV NARAYAN,Bharatiya Janata Party,VIKRAMSHINH SAWANT,Indian National Congress,17698,Result Declared,Maharashtra,S13
Jintur,95,BHAMALE VIJAY MANIKRAO,Nationalist Congress Party,KADAM RAMPRASAD WAMANRAO (BORDIKAR),Indian National Congress,27358,Result Declared,Maharashtra,S13
Jogeshwari East,158,RAVINDRA DATTARAM WAIKAR,Shivsena,UJWALA MODAK,Bharatiya Janata Party,28962,Result Declared,Maharashtra,S13
Junnar,195,SHARADDADA BHIMAJI SONAVANE,Maharashtra Navnirman sena,ASHATAI DATTATRAY BUCHKE,Shivsena,16923,Result Declared,Maharashtra,S13
Kagal,273,MUSHRIF HASAN MIYALAL,Nationalist Congress Party,GHATAGE SANJAY ANANDRAO,Shivsena,5934,Result Declared,Maharashtra,S13
Kaij,232,THOMBRE SANGEETA VIJAYPRAKASH,Bharatiya Janata Party,NAMITA AKSHAY MUNDADA,Nationalist Congress Party,42721,Result Declared,Maharashtra,S13
Kalamnuri,93,TARFE SANTOSH KAUTIKA,Indian National Congress,GAJANAN VITTHALRAO GHUGE,Shivsena,10536,Result Declared,Maharashtra,S13
Kalina,175,SANJAY  GOVIND POTNIS,Shivsena,SINGH  AMARJEET  AWADHNARAYAN,Bharatiya Janata Party,1297,Result Declared,Maharashtra,S13
Kalwan,117,GAVIT JIVA PANDU,Communist Party of India  (Marxist),ARJUN TULSHIRAM PAWAR,Nationalist Congress Party,4786,Result Declared,Maharashtra,S13
Kalyan East,142,GANPAT KALU GAIKWAD,Independent,GOPAL RAMCHANDRA LANDGE,Shivsena,745,Result Declared,Maharashtra,S13
Kalyan Rural,144,BHOIR SUBHASH GANU,Shivsena,RAMESH RATAN PATIL,Maharashtra Navnirman sena,44212,Result Declared,Maharashtra,S13
Kalyan West,138,NARENDRA BABURAO PAWAR,Bharatiya Janata Party,VIJAY (BANDYA) JAGANNATH SALVI,Shivsena,2219,Result Declared,Maharashtra,S13
Kamthi,58,CHANDRASHEKHAR KRUSHNRAO BAWANKULE,Bharatiya Janata Party,RAJENDRA BHAUSAHEB MULAK,Indian National Congress,40002,Result Declared,Maharashtra,S13
Kandivali East,160,ATUL BHATKHALKAR,Bharatiya Janata Party,THAKUR RAMESH SINGH,Indian National Congress,41188,Result Declared,Maharashtra,S13
Kankavli,268,NITESH NARAYAN RANE,Indian National Congress,JATHAR PRAMOD SHANTARAM,Bharatiya Janata Party,25979,Result Declared,Maharashtra,S13
Kannad,105,JADHAV HARSHVARDHAN RAIBHAN,Shivsena,UDAYSING SARDARSING RAJPUT,Nationalist Congress Party,1561,Result Declared,Maharashtra,S13
Karad North,259,PATIL SHAMRAO ALIAS BALASO PANDURANG,Nationalist Congress Party,KADAM DHAIRYASHIL DNYANDEO,Indian National Congress,20507,Result Declared,Maharashtra,S13
Karad South,260,CHAVAN PRITHVIRAJ DAJISAHEB,Indian National Congress,VILASRAO  PATIL(KAKA),Independent,16418,Result Declared,Maharashtra,S13
Karanja,35,PATNI RAJENDRA SUKHANAND,Bharatiya Janata Party,PUNJANI MO.YUSUF,Bharipa Bahujan Mahasangh,4147,Result Declared,Maharashtra,S13
Karjat,189,SURESHBHAU NARAYAN LAD,Nationalist Congress Party,MAHENDRA SADASHIV THORVE,Peasants And Workers Party of India,1900,Result Declared,Maharashtra,S13
Karjat jamkhed,227,PRO. RAM SHANKAR SHINDE,Bharatiya Janata Party,KHADE RAMESH BHIVRAO,Shivsena,37816,Result Declared,Maharashtra,S13
Karmala,244,PATIL NARAYAN GOVINDRAO,Shivsena,BAGAL RASHMEE DIGAMBAR,Nationalist Congress Party,257,Result Declared,Maharashtra,S13
Karvir,275,NARKE CHANDRADIP SHASHIKANT,Shivsena,P.N.PATIL(SAKOLIKAR),Indian National Congress,710,Result Declared,Maharashtra,S13
Kasba peth,215,BAPAT GIRISH BHALCHANDRA,Bharatiya Janata Party,DR.ROHIT DEEPAK TILAK,Indian National Congress,42272,Result Declared,Maharashtra,S13
Katol,48,DR ASHISH DESHMUKH,Bharatiya Janata Party,ANIL DESHMUKH,Nationalist Congress Party,5557,Result Declared,Maharashtra,S13
Khadakwasala,211,TAPKIR BHIMRAO DHONDIBA,Bharatiya Janata Party,BARATE DILIP PRABHAKAR,Nationalist Congress Party,63026,Result Declared,Maharashtra,S13
Khamgaon,26,AKASH PANDURANG FUNDKAR,Bharatiya Janata Party,SANANDA DILIPKUMAR GOKULCHAND,Indian National Congress,7061,Result Declared,Maharashtra,S13
Khanapur,286,ANILBHAU BABAR,Shivsena,PATIL SADASHIVRAO HANMANTRAO,Indian National Congress,19797,Result Declared,Maharashtra,S13
Khed alandi,197,GORE SURESH NAMDEO,Shivsena,DILIP DATTATRAY MOHITE,Nationalist Congress Party,32718,Result Declared,Maharashtra,S13
Kinwat,83,JADHAV PRADEEP NAIK,Nationalist Congress Party,BHIMRAO RAMJI KERAM,Independent,4975,Result Declared,Maharashtra,S13
Kolhapur North,276,RAJESH VINAYAKRAO KSHIRSAGAR,Shivsena,KADAM SATYAJIT SHIVAJIRAO,Indian National Congress,22421,Result Declared,Maharashtra,S13
Kolhapur South,274,AMAL MAHADIK,Bharatiya Janata Party,PATIL SATEJ URF BUNTY D.,Indian National Congress,8528,Result Declared,Maharashtra,S13
Kopargaon,219,KOLHE SNEHALATA BIPINDADA,Bharatiya Janata Party,AASHUTOSH ASHOKRAO KALE,Shivsena,29270,Result Declared,Maharashtra,S13
Kopri-Pachpakhadi,147,EKNATH SAMBHAJI SHINDE,Shivsena,ADV.SANDEEP LELE,Bharatiya Janata Party,51869,Result Declared,Maharashtra,S13
Koregaon,257,SHINDE SHASHIKANT JAYWANTRAO,Nationalist Congress Party,KANASE VIJAYRAO BABURAO,Indian National Congress,47247,Result Declared,Maharashtra,S13
Kothrud,210,KULKARNI MEDHA VISHRAM,Bharatiya Janata Party,CHANDRAKANT BALBHIM MOKATE,Shivsena,64662,Result Declared,Maharashtra,S13
Kudal,269,NAIK VAIBHAV VIJAY,Shivsena,NARAYAN TATU RANE,Indian National Congress,10376,Result Declared,Maharashtra,S13
Kurla,174,MANGESH  KUDALKAR,Shivsena,VIJAY BABURAO KAMBLE,Bharatiya Janata Party,12679,Result Declared,Maharashtra,S13
Latur City,235,AMIT VILASRAO DESHMUKH,Indian National Congress,LAHOTI SHAILESH GOVINDKUMAR,Bharatiya Janata Party,49465,Result Declared,Maharashtra,S13
Latur Rural,234,BHISE TRIMBAKRAO SHRIRANGRAO,Indian National Congress,KARAD RAMESH KASHIRAM,Bharatiya Janata Party,10510,Result Declared,Maharashtra,S13
Loha,88,CHIKHALIKAR PRATAPRAO GOVINDRAO,Shivsena,DHONDGE MUKTESHWAR KESHAVRAO,Bharatiya Janata Party,45486,Result Declared,Maharashtra,S13
Madha,245,SHINDE BABANRAO VITTHALRAO,Nationalist Congress Party,KALE KALYAN VASANTRAO,Indian National Congress,35778,Result Declared,Maharashtra,S13
Magathane,154,PRAKASH SURVE,Shivsena,HEMENDRA RATILAL MEHTA,Bharatiya Janata Party,20385,Result Declared,Maharashtra,S13
Mahad,194,GOGAWALE BHARAT MARUTI,Shivsena,MANIK MOTIRAM JAGTAP,Indian National Congress,21256,Result Declared,Maharashtra,S13
Mahim,181,SADA SARVANKAR,Shivsena,NITIN SARDESAI,Maharashtra Navnirman sena,5941,Result Declared,Maharashtra,S13
Majalgaon,229,R.T.DESHMUKH (JIJA),Bharatiya Janata Party,PRAKASH SUNDARRAO SOLANKE (DADA),Nationalist Congress Party,37245,Result Declared,Maharashtra,S13
Malabar hill,185,MANGAL PRABHAT  LODHA,Bharatiya Janata Party,ARVIND (ARUN) DEVJI DUDHWADKAR,Shivsena,68686,Result Declared,Maharashtra,S13
Malad West,162,ASLAM SHAIKH,Indian National Congress,DR. RAM BAROT,Bharatiya Janata Party,2303,Result Declared,Maharashtra,S13
Malegaon central,114,SHAIKH AASIF SHAIKH RASHID,Indian National Congress,MUFTI MOH. ISMILE KASMI,Nationalist Congress Party,16151,Result Declared,Maharashtra,S13
Malegaon outer,115,BHUSE DADAJI DAGDU,Shivsena,THAKRE PAWAN YASHVANT,Bharatiya Janata Party,37421,Result Declared,Maharashtra,S13
Malkapur,21,CHAINSUKH MADANLAL SANCHETI,Bharatiya Janata Party,DR. ARVIND KOLTE,Indian National Congress,26946,Result Declared,Maharashtra,S13
Malshiras,254,DOLAS HANUMANT JAGANNATH,Nationalist Congress Party,KHANDAGALE ANANT JAYKUMAR,Independent,6245,Result Declared,Maharashtra,S13
Man,258,JAYKUMAR BHAGWANRAO GORE,Indian National Congress,GORE SHEKHAR BHAGWANRAO,Rashtriya Samaj Paksha,23351,Result Declared,Maharashtra,S13
Mankhurd shivaji Nagar,171,ABU ASIM AZMI,Samajwadi Party,SURESH KRUSHNARAO PATIL,Shivsena,9937,Result Declared,Maharashtra,S13
Maval,204,BHEGADE SANJAY (BALA) VISHWANATH,Bharatiya Janata Party,DNYANOBA ALIAS MAULI DABHADE,Nationalist Congress Party,28001,Result Declared,Maharashtra,S13
Mehkar,25,SANJAY BHASHKAR RAIMULKAR,Shivsena,LAXMANRAO JANUJI GHUMARE,Indian National Congress,35935,Result Declared,Maharashtra,S13
Melghat,41,BHILAWEKAR PRABHDAS BABULAL,Bharatiya Janata Party,RAJKUMAR DAYARAM PATEL,Nationalist Congress Party,1979,Result Declared,Maharashtra,S13
Mira Bhayandar,145,NARENDRA MEHTA,Bharatiya Janata Party,GILBERT MENDONCA,Nationalist Congress Party,32292,Result Declared,Maharashtra,S13
Miraj,281,KHADE SURESH(BHAU) DAGADU,Bharatiya Janata Party,SHIDHESHWAR ATAMARAM JADHAV,Indian National Congress,64067,Result Declared,Maharashtra,S13
Mohol,247,RAMESH NAGNATH KADAM,Nationalist Congress Party,KSHIRSAGAR SANJAY DATTATRAYA,Bharatiya Janata Party,8367,Result Declared,Maharashtra,S13
Morshi,43,DR. ANIL SUKHDEVRAO BONDE,Bharatiya Janata Party,HARSHVARDHAN PRATAPSINH DESHMUKH,Nationalist Congress Party,40162,Result Declared,Maharashtra,S13
Mukhed,91,GOVIND MUKKAJI RATHOD,Bharatiya Janata Party,BETMOGAREKAR PATIL HANMANTRAO VENKATRAO,Indian National Congress,73291,Result Declared,Maharashtra,S13
Muktainagar,20,KHADSE EKNATHRAO GANPATRAO,Bharatiya Janata Party,PATIL CHANDRAKANT NIMBA,Shivsena,9708,Result Declared,Maharashtra,S13
Mulund,155,SARDAR TARA SINGH,Bharatiya Janata Party,CHARAN SINGH SAPRA,Indian National Congress,65307,Result Declared,Maharashtra,S13
Mumbadevi,186,AMIN PATEL,Indian National Congress,ATUL SHAH,Bharatiya Janata Party,8513,Result Declared,Maharashtra,S13
Mumbra-Kalwa,149,AWHAD JITENDRA SATISH,Nationalist Congress Party,DASHARATH KASHINATH PATIL,Shivsena,47683,Result Declared,Maharashtra,S13
Murbad,139,KISAN SHANKAR KATHORE,Bharatiya Janata Party,GOTIRAM PADU PAWAR,Nationalist Congress Party,26230,Result Declared,Maharashtra,S13
Murtizapur,32,HARISH MAROTIAPPA PIMPLE,Bharatiya Janata Party,RAHUL SHESHARAO DONGARE,Bharipa Bahujan Mahasangh,12888,Result Declared,Maharashtra,S13
Nagpur central,55,KUMBHARE VIKAS SHANKARRAO,Bharatiya Janata Party,ANEES AHMED,Indian National Congress,38071,Result Declared,Maharashtra,S13
Nagpur East,54,KHOPDE KRISHNA PANCHAM,Bharatiya Janata Party,ABHIJIT GOVINDRAO WANJARI,Indian National Congress,48614,Result Declared,Maharashtra,S13
Nagpur North,57,DR. MILIND MANE,Bharatiya Janata Party,KISHORE UTTAMRAO GAJBHIYE IAS (R),Bahujan Samaj Party,13718,Result Declared,Maharashtra,S13
Nagpur South,53,KOHALE SUDHAKAR VITTHALRAO,Bharatiya Janata Party,CHATURVEDI SATISH,Indian National Congress,43214,Result Declared,Maharashtra,S13
Nagpur South West,52,DEVENDRA GANGADHAR FADNAVIS,Bharatiya Janata Party,PRAFULLA VINOD GUDADHE (PATIL),Indian National Congress,58942,Result Declared,Maharashtra,S13
Nagpur West,56,DESHMUKH SUDHAKAR SHAMRAO,Bharatiya Janata Party,THAKRE VIKAS PANDURANG,Indian National Congress,26402,Result Declared,Maharashtra,S13
Naigaon,89,CHAVAN VASANTRAO BALWANTRAO,Indian National Congress,RAJESH SAMBHAJI PAWAR,Bharatiya Janata Party,10425,Result Declared,Maharashtra,S13
Nalasopara,132,KSHITIJ HITENDRA THAKUR,Bahujan Vikas Aaghadi,RAJAN BALKRISHNA NAIK,Bharatiya Janata Party,54499,Result Declared,Maharashtra,S13
Nanded North,86,D.P.SAWANT,Indian National Congress,PANDHARE SUDHAKAR RAMRAO,Bharatiya Janata Party,7602,Result Declared,Maharashtra,S13
Nanded South,87,HEMANT SRIRAM PATIL,Shivsena,DILIP VENKATRAO KANDKURTE,Bharatiya Janata Party,3207,Result Declared,Maharashtra,S13
Nandgaon,113,PANKAJ CHHAGAN BHUJBAL,Nationalist Congress Party,SUHAS DWARKANATH KANDE,Shivsena,18436,Result Declared,Maharashtra,S13
Nandurbar,3,GAVIT VIJAYKUMAR KRUSHNARAO,Bharatiya Janata Party,VASAVE KUNAL BATESING,Indian National Congress,27118,Result Declared,Maharashtra,S13
Nashik central,124,FARANDE DEVAYANI SUHAS,Bharatiya Janata Party,VASANT (BHAU) NIVRUTTI GITE,Maharashtra Navnirman sena,28272,Result Declared,Maharashtra,S13
Nashik East,123,BALASAHEB MAHADU SANAP,Bharatiya Janata Party,CHANDRAKANT (RAJU ANNA) PANDURANG LAVTE,Shivsena,46374,Result Declared,Maharashtra,S13
Nashik West,125,HIRAY SEEMA MAHESH (SEEMATAI),Bharatiya Janata Party,BADGUJAR SUDHAKAR BHIKA,Shivsena,29670,Result Declared,Maharashtra,S13
Nawapur,4,NAIK SURUPSING HIRYA,Indian National Congress,GAVIT SHARAD KRUSHNARAO,Nationalist Congress Party,21817,Result Declared,Maharashtra,S13
Nevasa,221,BALASAHEB ALIAS DADASAHEB DAMODHAR MURKUTE,Bharatiya Janata Party,GADAKH SHANKARRAO YASHWANTRAO,Nationalist Congress Party,4659,Result Declared,Maharashtra,S13
Nilanga,238,NILANGEKAR SAMBHAJI DEELIPRAO PATIL,Bharatiya Janata Party,ASHOK SHIVAJIRAO PATIL NILANGEKAR,Indian National Congress,27511,Result Declared,Maharashtra,S13
Niphad,121,ANIL SAHEBRAO KADAM,Shivsena,BANKAR DILIPRAO SHANKARRAO,Nationalist Congress Party,3921,Result Declared,Maharashtra,S13
Osmanabad,242,RANA JAGJIT SINHA PADMA SINHA  PATIL,Nationalist Congress Party,OMPRAKASH BHUPALSINHA (PAWANRAJE) RAJENIMBALKAR,Shivsena,10806,Result Declared,Maharashtra,S13
Ovala - Majiwada,146,PRATAP BABURAO SARNAIK,Shivsena,SANJAY PANDEY,Bharatiya Janata Party,10906,Result Declared,Maharashtra,S13
Pachora,18,KISHOR APPA PATIL,Shivsena,DILIP ONKAR WAGH,Nationalist Congress Party,28403,Result Declared,Maharashtra,S13
Paithan,110,BHUMRE SANDIPANRAO AASARAM,Shivsena,WAGHCHAURE SANJAY YADAVRAO,Nationalist Congress Party,25039,Result Declared,Maharashtra,S13
Palghar,130,GHODA KRUSHNA ARJUN,Shivsena,GAVIT RAJENDRA DHEDYA,Indian National Congress,515,Result Declared,Maharashtra,S13
Palus-Kadegaon,285,DR. KADAM PATANGRAO SHRIPATRAO,Indian National Congress,DESHMUKH PRUTHVIRAJ SAYAJIRAO,Bharatiya Janata Party,24034,Result Declared,Maharashtra,S13
Pandharpur,252,BHALAKE BHARAT TUKARAM,Indian National Congress,PARICHARAK SHAILENDRA ALIAS PRASHANT PRABHAKAR,Swabhimani Paksha,8913,Result Declared,Maharashtra,S13
Panvel,188,PRASHANT RAMSHETH THAKUR,Bharatiya Janata Party,BALARAM DATTUSHETH PATIL (BALUSHETH),Peasants And Workers Party of India,13215,Result Declared,Maharashtra,S13
Paranda,243,MOTE RAHUL MAHARUDRA,Nationalist Congress Party,PATIL DNYANESHWAR RAOSAHEB,Shivsena,12389,Result Declared,Maharashtra,S13
Parbhani,96,DR.RAHUL VEDPRAKASH PATIL,Shivsena,SYAD KHALAD SYAD SAHEBJAN,All India Majlis-E-Ittehadul Muslimeen,26526,Result Declared,Maharashtra,S13
Parli,233,MUNDE PANKAJA GOPINATHRAO,Bharatiya Janata Party,DHANANJAY PANDITRAO MUNDE,Nationalist Congress Party,25895,Result Declared,Maharashtra,S13
Parner,224,AUTI VIJAYRAO BHASKARRAO,Shivsena,SUJIT VASANTRAO ZAWARE PATIL,Nationalist Congress Party,27422,Result Declared,Maharashtra,S13
Partur,99,BABANRAO DATTATRAY YADAV LONIKAR,Bharatiya Janata Party,JETHALIYA SURESHKUMAR KANHAIYYALAL,Indian National Congress,4360,Result Declared,Maharashtra,S13
Parvati,212,MISAL MADHURI SATISH,Bharatiya Janata Party,TAWARE SACHIN (ANNA) SHAM,Shivsena,69090,Result Declared,Maharashtra,S13
Patan,261,DESAI SHAMBHURAJ SHIVAJIRAO,Shivsena,PATANKAR SATYAJIT VIKRAMSINH,Nationalist Congress Party,18824,Result Declared,Maharashtra,S13
Pathri,98,FAD MOHAN MADHAVRAO,Independent,WARPUDKAR SURESH AMBADASRAO,Indian National Congress,13449,Result Declared,Maharashtra,S13
Pen,191,DHAIRYASHEEL MOHAN PATIL,Peasants And Workers Party of India,RAVISHETH PATIL,Indian National Congress,4120,Result Declared,Maharashtra,S13
Phaltan,255,CHAVAN DIPAK PRALHAD,Nationalist Congress Party,AAGAVANE DIGAMBAR ROHIDAS,Indian National Congress,33568,Result Declared,Maharashtra,S13
Phulambri,106,BAGDE HARIBHAU KISANRAO,Bharatiya Janata Party,DR. KALYAN VAIJINATHRAO KALE,Indian National Congress,3611,Result Declared,Maharashtra,S13
Pimpri,206,ADV. CHABUKSWAR GAUTAM SUKHDEO,Shivsena,ANNA DADU BANSODE,Nationalist Congress Party,2335,Result Declared,Maharashtra,S13
Pune cantonment,214,DILIP KAMBLE,Bharatiya Janata Party,BAGAVE RAMESH ANANDRAO,Indian National Congress,14955,Result Declared,Maharashtra,S13
Purandar,202,VIJAYBAPU SHIVTARE,Shivsena,SANJAY CHANDUKAKA JAGTAP,Indian National Congress,8590,Result Declared,Maharashtra,S13
Pusad,81,NAIK MANOHAR RAJUSING,Nationalist Congress Party,DEOSARKAR PRAKASHRAO ABAJI,Shivsena,65359,Result Declared,Maharashtra,S13
Radhanagari,272,AABITAKAR PRAKASH ANANDARAO,Shivsena,K.P.PATIL,Nationalist Congress Party,39408,Result Declared,Maharashtra,S13
Rahuri,223,KARDILE SHIVAJI BHANUDAS,Bharatiya Janata Party,DR. USHA PRASAD TANPURE,Shivsena,25676,Result Declared,Maharashtra,S13
Rajapur,267,SALVI RAJAN PRABHAKAR,Shivsena,DESAI RAJENDRA ALIAS RAJAN YASHWANT,Indian National Congress,39062,Result Declared,Maharashtra,S13
Rajura,70,SANJAY YADAORAO DHOTE,Bharatiya Janata Party,DHOTE SUBHASH RAMCHANDRRAO,Indian National Congress,2278,Result Declared,Maharashtra,S13
Ralegaon,77,PRO. DR. ASHOK RAMAJI WOOIKE,Bharatiya Janata Party,PROF.VASANT CHINDHUJI PURAKE,Indian National Congress,38750,Result Declared,Maharashtra,S13
Ramtek,59,REDDY DWARAM MALLIKARJUN RAMREDDY,Bharatiya Janata Party,ASHISH NANDKISHORE JAISWAL (VAKIL),Shivsena,12081,Result Declared,Maharashtra,S13
Ratnagiri,266,UDAY RAVINDRA SAMANT,Shivsena,BALASAHEB MANE,Bharatiya Janata Party,39427,Result Declared,Maharashtra,S13
Raver,11,HARIBHAU MADHAV JAWALE,Bharatiya Janata Party,CHAUDHARI SHIRISH MADHUKARRAO,Indian National Congress,10000,Result Declared,Maharashtra,S13
Risod,33,AMEET SUBHASHRAO ZANAK,Indian National Congress,JADHAV VIJAY TULSIRAM,Bharatiya Janata Party,16708,Result Declared,Maharashtra,S13
Sakoli,62,KASHIWAR RAJESH LAHANU,Bharatiya Janata Party,SEVAKBHAU NIRDHAN WAGHAYE,Indian National Congress,25489,Result Declared,Maharashtra,S13
Sakri,5,AHIRE DHANAJI SITARAM OR D.S.AHIRE,Indian National Congress,GAVIT MANJULA TULSHIRAM,Bharatiya Janata Party,3323,Result Declared,Maharashtra,S13
Sangamner,217,VIJAY ALIAS BALASAHEB BHAUSAHEB THORAT,Indian National Congress,AHER JANARDAN MHATARBA,Shivsena,58805,Result Declared,Maharashtra,S13
Sangli,282,DHANANJAY ALIAS SUDHIR DADA  HARI GADGIL,Bharatiya Janata Party,MADAN VISHWANATH PATIL,Indian National Congress,14457,Result Declared,Maharashtra,S13
Sangola,253,DESHMUKH GANPATRAO  ANNASAHEB,Peasants And Workers Party of India,ADV. SHAHAJIBAPU RAJARAM PATIL,Shivsena,25224,Result Declared,Maharashtra,S13
Satara,262,BHONSLE SHIVENDRASINH ABHAYSINH,Nationalist Congress Party,PAWAR DIPAK SAHEBRAO,Bharatiya Janata Party,47813,Result Declared,Maharashtra,S13
Savner,49,KEDAR SUNIL CHHATRAPAL,Indian National Congress,VINOD BAPURAOJI JIVTODE (GURUJI),Shivsena,9209,Result Declared,Maharashtra,S13
Sawantwadi,270,DEEPAK VASANT KESARKAR,Shivsena,TELI RAJAN KRISHNA,Bharatiya Janata Party,41192,Result Declared,Maharashtra,S13
Shahada,2,PADVI UDESING KOCHARU,Bharatiya Janata Party,PADMAKAR VIJAYSING VALVI,Indian National Congress,719,Result Declared,Maharashtra,S13
shahapur,135,BARORA PANDURANG MAHADU,Nationalist Congress Party,DAULAT BHIKA DARODA,Shivsena,5544,Result Declared,Maharashtra,S13
Shahuwadi,277,SATYAJEET BABASAHEB PATIL (ABA) SARUDKAR,Shivsena,KORE VINAY VILASRAO (SAVAKAR),Jan Surajya Shakti,388,Result Declared,Maharashtra,S13
Shevgaon,222,MONIKA RAJIV RAJALE,Bharatiya Janata Party,GHULE CHANDRASHEKHAR MARUTRAOJI,Nationalist Congress Party,53185,Result Declared,Maharashtra,S13
Shirala,284,NAIK SHIVAJIRAO YASHWANTRAO,Bharatiya Janata Party,MANSINGH  FATTESINGH  NAIK,Nationalist Congress Party,3668,Result Declared,Maharashtra,S13
Shirdi,218,RADHAKRISHNA EKNATHRAO VIKHE PATIL,Indian National Congress,ABHAY DATTATRAYA SHELKE PATIL,Shivsena,74662,Result Declared,Maharashtra,S13
Shirol,280,PATIL ULHAS SAMBHAJI,Shivsena,RAJENDRA SHAMGONDA PATIL (YADRAVKAR),Nationalist Congress Party,20033,Result Declared,Maharashtra,S13
Shirpur,9,KASHIRAM VECHAN PAWARA,Indian National Congress,DR.JITENDRA YUVRAJ THAKUR,Bharatiya Janata Party,25201,Result Declared,Maharashtra,S13
Shirur,198,PACHARNE BABURAO KASHINATH,Bharatiya Janata Party,ASHOK RAVSAHEB PAWAR,Nationalist Congress Party,10941,Result Declared,Maharashtra,S13
Shivadi,183,AJAY CHOUDHARI,Shivsena,BALA NANDGAONKAR,Maharashtra Navnirman sena,41909,Result Declared,Maharashtra,S13
Shivajinagar,209,VIJAY KALE,Bharatiya Janata Party,NIMHAN VINAYAK MAHADEV,Indian National Congress,22047,Result Declared,Maharashtra,S13
Shrigonda,226,JAGTAP RAHUL KUNDLIKRAO,Nationalist Congress Party,PACHPUTE BABANRAO BHIKAJI,Bharatiya Janata Party,13637,Result Declared,Maharashtra,S13
Shrirampur,220,BHAUSAHEB MALHARI KAMBLE,Indian National Congress,WAKCHAURE BHAUSAHEB RAJARAM,Bharatiya Janata Party,11484,Result Declared,Maharashtra,S13
Shrivardhan,193,AVDHOOT ANIL TATKARE,Nationalist Congress Party,RAVI MUNDE,Shivsena,77,Result Declared,Maharashtra,S13
Sillod,104,ABDUL SATTAR ABDUL NABI,Indian National Congress,BANKAR SURESH PANDURANG,Bharatiya Janata Party,13921,Result Declared,Maharashtra,S13
Sindkhed Raja,24,DR. KHEDEKAR SHASHIKANT NARSINGRAO,Shivsena,DR. GANESH BABURAO MANTE,Bharatiya Janata Party,18854,Result Declared,Maharashtra,S13
Sindkheda,8,JAYKUMAR JITENDRASINH RAWAL,Bharatiya Janata Party,BEDSE SANDEEP TRAYAMBAKRAO,Nationalist Congress Party,42158,Result Declared,Maharashtra,S13
Sinnar,120,RAJABHAU (PARAG) PRAKASH WAJE,Shivsena,KOKATE MANIKRAO SHIVAJI,Bharatiya Janata Party,20554,Result Declared,Maharashtra,S13
Sion koliwada,179,"CAPTAIN R. TAMIL SELVAN,",Bharatiya Janata Party,SATAMKAR MANGESH SHRIDHAR,Shivsena,3738,Result Declared,Maharashtra,S13
Solapur City central,249,SHINDE PRANITI SUSHILKUMAR,Indian National Congress,SHEKH TAUFIK IS MAIL,All India Majlis-E-Ittehadul Muslimeen,9769,Result Declared,Maharashtra,S13
Solapur City North,248,VIJAY SIDRAMAPPA DESHMUKH,Bharatiya Janata Party,MAHESH CHANDRAKANT GADEKAR,Nationalist Congress Party,68878,Result Declared,Maharashtra,S13
Solapur South,251,DESHMUKH SUBHASH SURESHCHANDRA,Bharatiya Janata Party,DILIP BRAHMDEV MANE,Indian National Congress,27123,Result Declared,Maharashtra,S13
Tasgaon-Kavathe Mahankal,287,ADV.R.R. (AABA) ALIAS RAVSAHEB RAMRAO PATIL,Nationalist Congress Party,AJITRAO SHANKARRAO GHORPADE,Bharatiya Janata Party,22410,Result Declared,Maharashtra,S13
Teosa,39,ADV. YASHOMATI THAKUR (SONAWANE),Indian National Congress,NIVEDITA DIGHADE CHOUDHARI,Bharatiya Janata Party,20441,Result Declared,Maharashtra,S13
Thane,148,KELKAR SANJAY MUKUND,Bharatiya Janata Party,RAVINDRA SADANAND PHATAK,Shivsena,12588,Result Declared,Maharashtra,S13
Tirora,64,RAHANGDALE VIJAY BHARATLAL,Bharatiya Janata Party,BANSOD DILIP WAMAN,Independent,13098,Result Declared,Maharashtra,S13
Tuljapur,241,CHAVAN MADHUKARRAO DEORAO,Indian National Congress,GORE JEEVANRAO VISHWANATHRAO,Nationalist Congress Party,29610,Result Declared,Maharashtra,S13
Tumsar,60,WAGHAMARE CHARAN SOVINDA,Bharatiya Janata Party,KUKADE MADHUKAR YASHWANTRAO,Nationalist Congress Party,28679,Result Declared,Maharashtra,S13
Udgir,237,SUDHAKAR SANGRAM BHALERAO,Bharatiya Janata Party,SANJAY BABURAO BANSODE,Nationalist Congress Party,24894,Result Declared,Maharashtra,S13
Ulhasnagar,141,JYOTI PAPPU KALANI,Nationalist Congress Party,AILANI KUMAR,Bharatiya Janata Party,1863,Result Declared,Maharashtra,S13
Umarga,240,CHOUGULE DNYANRAJ DHONDIRAM,Shivsena,KISAN NAGNATH KAMBLE,Indian National Congress,20442,Result Declared,Maharashtra,S13
Umarkhed,82,RAJENDRA WAMAN NAJARDHANE,Bharatiya Janata Party,KHADSE VIJAYRAO YADAVRAO,Indian National Congress,48576,Result Declared,Maharashtra,S13
Umred,51,PARWE SUDHIR LAXMAN,Bharatiya Janata Party,BANSOD RUKSHADAS MOKASRAO,Bahujan Samaj Party,58322,Result Declared,Maharashtra,S13
Uran,190,MANOHAR GAJANAN BHOIR,Shivsena,PATIL VIVEK SHANKAR,Peasants And Workers Party of India,811,Result Declared,Maharashtra,S13
VADGAON SHERI,208,JAGDISH TUKARAM MULUK,Bharatiya Janata Party,TINGARE SUNIL VIJAY,Shivsena,5325,Result Declared,Maharashtra,S13
Vaijapur,112,BHAUSAHEB PATIL CHIKATGAONKAR,Nationalist Congress Party,R. M. WANI,Shivsena,4709,Result Declared,Maharashtra,S13
Vandre East,176,PRAKASH (BALA) SAWANT,Shivsena,KRISHNA DHONDU PARKAR,Bharatiya Janata Party,15597,Result Declared,Maharashtra,S13
Vandre West,177,AV. ASHISH SHELAR,Bharatiya Janata Party,BABA ZIAUDDIN SIDDIQUE,Indian National Congress,26911,Result Declared,Maharashtra,S13
Vasai,133,HITENDRA VISHNU THAKUR,Bahujan Vikas Aaghadi,VIVEK RAGHUNATH PANDIT(BHAU),Independent,31896,Result Declared,Maharashtra,S13
Versova,164,DR. BHARATI HEMANT LAVEKAR,Bharatiya Janata Party,BALDEV KHOSA,Indian National Congress,26398,Result Declared,Maharashtra,S13
Vikhroli,156,SUNIL RAJARAM RAUT,Shivsena,MANGESH EKNATH SANGALE,Maharashtra Navnirman sena,25339,Result Declared,Maharashtra,S13
Vikramgad,129,SAVARA VISHNU RAMA,Bharatiya Janata Party,PRAKASH KRUSHNA NIKAM,Shivsena,3845,Result Declared,Maharashtra,S13
Vile parle,167,PARAG ALAVANI,Bharatiya Janata Party,SHASHIKANT GOVIND PATKAR,Shivsena,32435,Result Declared,Maharashtra,S13
Wadala,180,KALIDAS NILKANTH KOLAMBKAR,Indian National Congress,MIHIR CHANDRAKANT KOTECHA,Bharatiya Janata Party,800,Result Declared,Maharashtra,S13
Wai,256,JADHAV (PATIL) MAKRAND LAXMANRAO,Nationalist Congress Party,BHOSALE MADAN  PRATAPRAO,Indian National Congress,38702,Result Declared,Maharashtra,S13
Wani,76,BODKURWAR SANJIVREDDI BAPURAO,Bharatiya Janata Party,NANDEKAR VISHVAS RAMCHANDRA,Shivsena,5606,Result Declared,Maharashtra,S13
Wardha,47,DR.PANKAJ RAJESH BHOYAR,Bharatiya Janata Party,SHEKAR PRAMOD SHENDE,Indian National Congress,8550,Result Declared,Maharashtra,S13
Warora,75,SURESH ALIAS BALUBHAU NARAYAN DHANORKAR,Shivsena,SANJAY WAMANRAO DEOTALE,Bharatiya Janata Party,2004,Result Declared,Maharashtra,S13
Washim,34,MALIK LAKHAN SAHADEV,Bharatiya Janata Party,NILESH ALIAS SHASHIKANT PENDHARKAR,Shivsena,4393,Result Declared,Maharashtra,S13
Worli,182,SUNIL GOVIND SHINDE,Shivsena,AHIR SACHIN MOHAN,Nationalist Congress Party,23012,Result Declared,Maharashtra,S13
Yavatmal,78,MADAN MADHUKARRAO YERAWAR,Bharatiya Janata Party,SANTOSH MAROTRAO DHAVALE,Shivsena,1227,Result Declared,Maharashtra,S13
Yevla,119,CHHAGAN BHUJBAL,Nationalist Congress Party,PAWAR SAMBHAJI SAHEBRAO,Shivsena,46442,Result Declared,Maharashtra,S13
